{
  "generic.goodbye": {
    "precision": 0.75,
    "recall": 0.6666666666666666,
    "f1-score": 0.7058823529411765,
    "support": 9,
    "confused_with": {
      "generic.greet": 2,
      "generic.affirm": 1
    }
  },
  "university_guide.find_professor": {
    "precision": 0.75,
    "recall": 0.6,
    "f1-score": 0.6666666666666665,
    "support": 20,
    "confused_with": {
      "university_guide.find_schedule": 3,
      "mem_assistant.get_location": 2
    }
  },
  "mem_assistant.store_request": {
    "precision": 0.9285714285714286,
    "recall": 0.9285714285714286,
    "f1-score": 0.9285714285714286,
    "support": 14,
    "confused_with": {
      "mem_assistant.get_specifier": 1
    }
  },
  "mem_assistant.get_subject": {
    "precision": 0.7222222222222222,
    "recall": 0.9285714285714286,
    "f1-score": 0.8125000000000001,
    "support": 14,
    "confused_with": {
      "mem_assistant.store_timestamp": 1
    }
  },
  "university_guide.find_schedule_fill_slots": {
    "precision": 0.9090909090909091,
    "recall": 0.7142857142857143,
    "f1-score": 0.8,
    "support": 28,
    "confused_with": {
      "generic.affirm": 2,
      "university_guide.find_room": 1
    }
  },
  "mem_assistant.get_attr": {
    "precision": 0.5892857142857143,
    "recall": 0.8918918918918919,
    "f1-score": 0.7096774193548389,
    "support": 37,
    "confused_with": {
      "mem_assistant.get_specifier": 2,
      "mem_assistant.store_attr": 2
    }
  },
  "generic.greet": {
    "precision": 0.6470588235294118,
    "recall": 0.9166666666666666,
    "f1-score": 0.7586206896551724,
    "support": 12,
    "confused_with": {
      "generic.goodbye": 1
    }
  },
  "university_guide.find_room": {
    "precision": 0.9333333333333333,
    "recall": 0.8936170212765957,
    "f1-score": 0.9130434782608695,
    "support": 47,
    "confused_with": {
      "generic.find_transport": 3,
      "mem_assistant.get_location": 1
    }
  },
  "mem_assistant.get_specifier": {
    "precision": 0.6666666666666666,
    "recall": 0.5490196078431373,
    "f1-score": 0.6021505376344086,
    "support": 51,
    "confused_with": {
      "mem_assistant.get_attr": 11,
      "mem_assistant.store_timestamp": 6
    }
  },
  "mem_assistant.store_following_attr": {
    "precision": 0.8928571428571429,
    "recall": 0.8928571428571429,
    "f1-score": 0.8928571428571429,
    "support": 28,
    "confused_with": {
      "university_guide.find_professor": 1,
      "mem_assistant.store_attr": 1
    }
  },
  "generic.thanks": {
    "precision": 0.9230769230769231,
    "recall": 0.75,
    "f1-score": 0.8275862068965517,
    "support": 16,
    "confused_with": {
      "generic.affirm": 1,
      "generic.agent_abilities": 1
    }
  },
  "university_guide.find_schedule": {
    "precision": 0.851063829787234,
    "recall": 0.975609756097561,
    "f1-score": 0.9090909090909092,
    "support": 41,
    "confused_with": {
      "mem_assistant.get_location": 1
    }
  },
  "mem_assistant.store_timestamp": {
    "precision": 0.7961165048543689,
    "recall": 0.8367346938775511,
    "f1-score": 0.8159203980099503,
    "support": 98,
    "confused_with": {
      "mem_assistant.store_location": 5,
      "mem_assistant.get_specifier": 5
    }
  },
  "mem_assistant.get_location": {
    "precision": 0.8,
    "recall": 0.7692307692307693,
    "f1-score": 0.7843137254901961,
    "support": 26,
    "confused_with": {
      "university_guide.find_schedule": 2,
      "mem_assistant.get_subject": 1
    }
  },
  "generic.find_transport": {
    "precision": 0.8,
    "recall": 0.6896551724137931,
    "f1-score": 0.7407407407407408,
    "support": 29,
    "confused_with": {
      "mem_assistant.store_timestamp": 5,
      "university_guide.find_room": 1
    }
  },
  "generic.agent_abilities": {
    "precision": 0.8571428571428571,
    "recall": 0.782608695652174,
    "f1-score": 0.8181818181818182,
    "support": 23,
    "confused_with": {
      "mem_assistant.get_attr": 2,
      "mem_assistant.get_specifier": 1
    }
  },
  "generic.affirm": {
    "precision": 0.6363636363636364,
    "recall": 0.7777777777777778,
    "f1-score": 0.7000000000000001,
    "support": 9,
    "confused_with": {
      "generic.greet": 1,
      "generic.thanks": 1
    }
  },
  "mem_assistant.store_attr": {
    "precision": 0.52,
    "recall": 0.41935483870967744,
    "f1-score": 0.46428571428571425,
    "support": 31,
    "confused_with": {
      "mem_assistant.get_attr": 7,
      "mem_assistant.store_location": 5
    }
  },
  "mem_assistant.get_timestamp": {
    "precision": 0.9230769230769231,
    "recall": 0.972972972972973,
    "f1-score": 0.9473684210526315,
    "support": 37,
    "confused_with": {
      "mem_assistant.store_timestamp": 1
    }
  },
  "mem_assistant.store_location": {
    "precision": 0.7647058823529411,
    "recall": 0.6964285714285714,
    "f1-score": 0.7289719626168223,
    "support": 56,
    "confused_with": {
      "mem_assistant.store_attr": 7,
      "mem_assistant.store_timestamp": 3
    }
  },
  "generic.interaction_examples": {
    "precision": 1.0,
    "recall": 1.0,
    "f1-score": 1.0,
    "support": 8,
    "confused_with": {}
  },
  "accuracy": 0.7854889589905363,
  "macro avg": {
    "precision": 0.793363466533891,
    "recall": 0.7929771817519773,
    "f1-score": 0.7869728386812875,
    "support": 634
  },
  "weighted avg": {
    "precision": 0.7901763404048144,
    "recall": 0.7854889589905363,
    "f1-score": 0.7826175908173706,
    "support": 634
  }
}