{
  "+RoBERT": [
    [
      0.8603320729891641,
      0.8356545844935939,
      0.812665300038144,
      0.8256417559049137,
      0.8470901839953954,
      0.798606243844339,
      0.7724924663516035,
      0.7084937990529975,
      0.7535116818029984
    ],
    [
      0.8403270149332877,
      0.8395931481253482,
      0.8418575599653293,
      0.8144964456999026,
      0.8395017619187379,
      0.7272051306356491,
      0.7820608396826757,
      0.8708115424907406,
      0.7803785717428521
    ],
    [
      0.77082896146058,
      0.8057497431557582,
      0.773287022277594,
      0.7988354052890394,
      0.7346779160688935,
      0.7102578638292925,
      0.7287696596411508,
      0.7544924965037746,
      0.6937774341865965
    ],
    [
      0.7687443445044047,
      0.8108472702279791,
      0.8038551508069591,
      0.727190159314588,
      0.7827934951594172,
      0.7549279234772037,
      0.7801756166358528,
      0.7537758274148482,
      0.7235501340764499
    ],
    [
      0.8254805357126377,
      0.8376967388872151,
      0.8060608923704162,
      0.7944626940867541,
      0.793991021691132,
      0.7620162278173878,
      0.8204245584176877,
      0.7789665361093933,
      0.6958385202673193
    ],
    [
      0.8696473461179343,
      0.8866461924400889,
      0.8561683932832391,
      0.8217519411755001,
      0.7939424136637417,
      0.8575004360718645,
      0.7946353729566245,
      0.7780912904973057,
      0.7686881124537766
    ]
  ],
  "+RoBERT + syntactic features": [
    [
      0.8489305529051953,
      0.8546781987522469,
      0.862335618399211,
      0.7909755520141781,
      0.7958711714350812,
      0.7967074667214723,
      0.8086778393795937,
      0.7474796859195355,
      0.7452623547571283
    ],
    [
      0.8662653279825694,
      0.8658361294625558,
      0.8333986287483114,
      0.8884451230115583,
      0.8604674627966554,
      0.8374843276499592,
      0.8674767124641812,
      0.8006177676898597,
      0.8094798585177344
    ],
    [
      0.7995947801456913,
      0.8265029142480123,
      0.7644320202214938,
      0.7759193002300773,
      0.7652064866350581,
      0.7626720884239682,
      0.751805039646595,
      0.7588266418652297,
      0.708117486378356
    ],
    [
      0.8065555229544048,
      0.8115069987563722,
      0.7881813466127192,
      0.8114501019262924,
      0.8051113557782404,
      0.8266564468427821,
      0.7819734083739686,
      0.7686744907302696,
      0.7187903173094812
    ],
    [
      0.8178585578671159,
      0.8456838192286031,
      0.8507725079153651,
      0.7975816106332615,
      0.7912863532795718,
      0.8080006483171409,
      0.7623810069576019,
      0.8100687039283531,
      0.7339837990840498
    ],
    [
      0.8879260506121777,
      0.8692184203388685,
      0.8374822171923619,
      0.8472165427376643,
      0.8015636153996762,
      0.8700809953611074,
      0.8069408219495715,
      0.7996225938772522,
      0.8622011869582016
    ]
  ]
}