{
  "config": [
    [
      0.7687443445044047,
      0.8108472702279791,
      0.8038551508069591,
      0.727190159314588,
      0.7827934951594172,
      0.7549279234772037,
      0.7801756166358528,
      0.7537758274148482,
      0.7235501340764499,
      0.712396115727289
    ],
    [
      0.8254805357126377,
      0.8376967388872151,
      0.8060608923704162,
      0.7944626940867541,
      0.799991021691132,
      0.7620162278173878,
      0.8204245584176877,
      0.7789665361093933,
      0.6958385202673193,
      0.7824657559515804
    ],
    [
      0.8696473461179343,
      0.8866461924400889,
      0.8561683932832391,
      0.8217519411755001,
      0.7939424136637417,
      0.8575004360718645,
      0.7946353729566245,
      0.7780912904973057,
      0.7686881124537766,
      0.7648637326588598
    ]
  ],
  "config+sparse+dense": [
    [
      0.8065555229544048,
      0.8115069987563722,
      0.7681813466127192,
      0.8114501019262924,
      0.7951113557782404,
      0.8266564468427821,
      0.7819734083739686,
      0.7686744907302696,
      0.7187903173094812,
      0.6846542225627192
    ],
    [
      0.8178585578671159,
      0.8456838192286031,
      0.8507725079153651,
      0.7975816106332615,
      0.7912863532795718,
      0.8080006483171409,
      0.7623810069576019,
      0.8100687039283531,
      0.7339837990840498,
      0.8006905148954334
    ],
    [
      0.8879260506121777,
      0.8692184203388685,
      0.8374822171923619,
      0.8472165427376643,
      0.8015636153996762,
      0.8700809953611074,
      0.8069408219495715,
      0.7996225938772522,
      0.8622011869582016,
      0.7900030524348672
    ]
  ]
}