{
  "baseline": [
    [
      0.7229139467234705,
      0.7621404574725377,
      0.7642619777773839,
      0.7136770019311738,
      0.6676306514099525,
      0.7146550358034951,
      0.7443189223780408,
      0.6789090933201208,
      0.683001741366403
    ],
    [
      0.7194920193980344,
      0.6983554234328228,
      0.7484857000834444,
      0.7129354973358364,
      0.7107434742459804,
      0.6944040492599388,
      0.730019961624789,
      0.6430773723822522,
      0.6681653582241048
    ],
    [
      0.7625195014550756,
      0.7744209343802839,
      0.7468780511301178,
      0.7871687175258605,
      0.7432533601780248,
      0.749275393918251,
      0.7293362438556306,
      0.7375645849556809,
      0.7418886560472142
    ],
    [
      0.7568297163767618,
      0.7551992141885994,
      0.7095937125294793,
      0.7378210135728932,
      0.7385386306927966,
      0.7025835090371431,
      0.7407915630162423,
      0.7304266487739877,
      0.6568644828669891
    ],
    [
      0.7815462292279336,
      0.7600984657688918,
      0.7763527348261242,
      0.799504989572069,
      0.7799123521462457,
      0.7391286294776638,
      0.7700273691722903,
      0.7000941702216951,
      0.7125104764571077
    ],
    [
      0.7728276314410768,
      0.7999157106077219,
      0.7238095238095237,
      0.7108689629698033,
      0.7367814099017105,
      0.736398900066541,
      0.7280391635654792,
      0.6739528282477728,
      0.7283374243568848
    ]
  ],
  "+spaCy": [
    [
      0.7223464606689292,
      0.7749695604737621,
      0.7654318157285133,
      0.7086069703716761,
      0.6238059211743423,
      0.7767046743237219,
      0.6909180940478695,
      0.6891267682934349,
      0.6534049102676551
    ],
    [
      0.726424713957885,
      0.7249776056498746,
      0.7367096126199768,
      0.7255122827085823,
      0.6991389298941266,
      0.678326900560794,
      0.684899133977475,
      0.6167214990523261,
      0.69948435023623
    ],
    [
      0.768887555022009,
      0.7775185780087739,
      0.7892580060156013,
      0.7645801334397825,
      0.7466866773700034,
      0.7410131430808122,
      0.7204567478377003,
      0.7093380955075633,
      0.7369206458902092
    ],
    [
      0.7768745204208863,
      0.734559105766536,
      0.748964281796362,
      0.7562912299422694,
      0.7765972860879244,
      0.733816138014133,
      0.7006410702682632,
      0.7182784007971978,
      0.729641568728256
    ],
    [
      0.7776723770683742,
      0.7769107005001975,
      0.7504340906062122,
      0.7947114045798257,
      0.7987211663792823,
      0.7301761506003729,
      0.7600299508341671,
      0.7366498451232344,
      0.707392948182422
    ],
    [
      0.7693726386425205,
      0.7459237166424252,
      0.7563657212938665,
      0.7766117195092448,
      0.7357362399968916,
      0.7402939212463022,
      0.7594386123725777,
      0.656438986068767,
      0.7403100563280425
    ]
  ],
  "+DistilBERT": [
    [
      0.7284152378763907,
      0.7467407510585308,
      0.7452658646304524,
      0.6916402313973424,
      0.6706308682499158,
      0.7249448991008771,
      0.693120436151795,
      0.7061865043731473,
      0.6571805795615318
    ],
    [
      0.7325224541580649,
      0.7044564754482933,
      0.7092956090818394,
      0.7463161206416403,
      0.7058409844124129,
      0.6983709839802276,
      0.6991637493203908,
      0.6251589933128339,
      0.701587388591664
    ],
    [
      0.8154487008478606,
      0.7941811998589973,
      0.7921103465540805,
      0.7955309241023526,
      0.7631230593424683,
      0.6860517163148743,
      0.7065118562317443,
      0.722198331416229,
      0.7460332161054554
    ],
    [
      0.7226162110361098,
      0.7926804268238736,
      0.7342533309620144,
      0.7411697507285742,
      0.7991166986073368,
      0.7331968991743428,
      0.7498257366715275,
      0.7318138806963971,
      0.7044892551480711
    ],
    [
      0.7738418729315087,
      0.7309996220710506,
      0.7662223445247182,
      0.7477799848248028,
      0.7210341097411714,
      0.7045727692786515,
      0.7426787023425678,
      0.7462914380981606,
      0.722186334422808
    ],
    [
      0.706260795930142,
      0.7583176122488399,
      0.7355154006967364,
      0.7651993667657829,
      0.6967607373254643,
      0.7721300511916758,
      0.6701609859172882,
      0.7049688121868573,
      0.7206739279089273
    ]
  ],
  "+RoBERT": [
    [
      0.8008729837331561,
      0.8195616506393448,
      0.8330861482121985,
      0.7919130615209046,
      0.7527200687115179,
      0.8452562338066539,
      0.7548697400065247,
      0.7576982981744886,
      0.740682652237274
    ],
    [
      0.8032363941522953,
      0.7614359048201808,
      0.831524564500755,
      0.8061513697810321,
      0.7656668568875556,
      0.7672187952594852,
      0.8107635618821672,
      0.7449151451662211,
      0.7809064021470036
    ],
    [
      0.8410336188347393,
      0.81518514165573,
      0.8460426698521937,
      0.8096845560836422,
      0.7629217343503057,
      0.7836206075155314,
      0.8141869826080353,
      0.6738702040694232,
      0.7483339446685312
    ],
    [
      0.7744905975858357,
      0.7671969227991637,
      0.7711504799850665,
      0.745847460852998,
      0.813813664175983,
      0.7693780646161599,
      0.7570839408864704,
      0.7562629870443522,
      0.7574747993180583
    ],
    [
      0.8266099857246844,
      0.8408982366375849,
      0.8884599718009463,
      0.7660346364312159,
      0.7998890184353844,
      0.8006645241532333,
      0.7674319577201781,
      0.7758650391003331,
      0.7421828482752852
    ],
    [
      0.822150884763939,
      0.8243037934558403,
      0.8157180557851352,
      0.7532550506400573,
      0.791881547092945,
      0.7892272083249527,
      0.7751634625263398,
      0.7750067578388381,
      0.8063680065191196
    ]
  ]
}