{
  "config_spacy": [
    [
      0.7768745204208863,
      0.734559105766536,
      0.748964281796362,
      0.7562912299422694,
      0.7765972860879244,
      0.733816138014133,
      0.7006410702682632,
      0.7182784007971978,
      0.729641568728256,
      0.676964938431104
    ],
    [
      0.7776723770683742,
      0.7769107005001975,
      0.7504340906062122,
      0.7947114045798257,
      0.7987211663792823,
      0.7301761506003729,
      0.7600299508341671,
      0.7366498451232344,
      0.707392948182422,
      0.7108024286367363
    ],
    [
      0.7693726386425205,
      0.7459237166424252,
      0.7563657212938665,
      0.7766117195092448,
      0.7357362399968916,
      0.7402939212463022,
      0.7594386123725777,
      0.656438986068767,
      0.7403100563280425,
      0.6739823331560026
    ]
  ],
  "config_distilbert-multi": [
    [
      0.7226162110361098,
      0.7926804268238736,
      0.7342533309620144,
      0.7411697507285742,
      0.7991166986073368,
      0.7331968991743428,
      0.7498257366715275,
      0.7318138806963971,
      0.7044892551480711,
      0.6348895530212794
    ],
    [
      0.7738418729315087,
      0.7309996220710506,
      0.7662223445247182,
      0.7477799848248028,
      0.7210341097411714,
      0.7045727692786515,
      0.7426787023425678,
      0.7462914380981606,
      0.722186334422808,
      0.7300882033725172
    ],
    [
      0.706260795930142,
      0.7583176122488399,
      0.7355154006967364,
      0.7651993667657829,
      0.6967607373254643,
      0.7721300511916758,
      0.6701609859172882,
      0.7049688121868573,
      0.7206739279089273,
      0.6657347518131832
    ]
  ],
  "config_robert-lg": [
    [
      0.7744905975858357,
      0.7671969227991637,
      0.7711504799850665,
      0.745847460852998,
      0.813813664175983,
      0.7693780646161599,
      0.7570839408864704,
      0.7562629870443522,
      0.7574747993180583,
      0.7381535732694648
    ],
    [
      0.8266099857246844,
      0.8408982366375849,
      0.8884599718009463,
      0.7660346364312159,
      0.7998890184353844,
      0.8006645241532333,
      0.7674319577201781,
      0.7758650391003331,
      0.7421828482752852,
      0.7488821468410864
    ],
    [
      0.822150884763939,
      0.8243037934558403,
      0.8157180557851352,
      0.7532550506400573,
      0.791881547092945,
      0.7892272083249527,
      0.7751634625263398,
      0.7750067578388381,
      0.8063680065191196,
      0.7210203135079263
    ]
  ]
}