{
  "config": [
    [
      0.7229139467234705,
      0.7621404574725377,
      0.7642619777773839,
      0.7136770019311738,
      0.6676306514099525,
      0.7146550358034951,
      0.7443189223780408,
      0.6789090933201208,
      0.683001741366403,
      0.7092388825784816
    ],
    [
      0.7194920193980344,
      0.6983554234328228,
      0.7484857000834444,
      0.7129354973358364,
      0.7107434742459804,
      0.6944040492599388,
      0.730019961624789,
      0.6430773723822522,
      0.6681653582241048,
      0.6598234683668857
    ],
    [
      0.7625195014550756,
      0.7744209343802839,
      0.7468780511301178,
      0.7871687175258605,
      0.7432533601780248,
      0.749275393918251,
      0.7293362438556306,
      0.7375645849556809,
      0.7418886560472142,
      0.6958809998879686
    ]
  ],
  "config_spacy": [
    [
      0.7223464606689292,
      0.7749695604737621,
      0.7654318157285133,
      0.7086069703716761,
      0.6238059211743423,
      0.7767046743237219,
      0.6909180940478695,
      0.6891267682934349,
      0.6534049102676551,
      0.7285026468499857
    ],
    [
      0.726424713957885,
      0.7249776056498746,
      0.7367096126199768,
      0.7255122827085823,
      0.6991389298941266,
      0.678326900560794,
      0.684899133977475,
      0.6167214990523261,
      0.69948435023623,
      0.5985659610291041
    ],
    [
      0.768887555022009,
      0.7775185780087739,
      0.7892580060156013,
      0.7645801334397825,
      0.7466866773700034,
      0.7410131430808122,
      0.7204567478377003,
      0.7093380955075633,
      0.7369206458902092,
      0.6872458670077718
    ]
  ],
  "config_distilbert-multi": [
    [
      0.7284152378763907,
      0.7467407510585308,
      0.7452658646304524,
      0.6916402313973424,
      0.6706308682499158,
      0.7249448991008771,
      0.693120436151795,
      0.7061865043731473,
      0.6571805795615318,
      0.7042155247982315
    ],
    [
      0.7325224541580649,
      0.7044564754482933,
      0.7092956090818394,
      0.7463161206416403,
      0.7058409844124129,
      0.6983709839802276,
      0.6991637493203908,
      0.6251589933128339,
      0.701587388591664,
      0.6264637185294281
    ],
    [
      0.8154487008478606,
      0.7941811998589973,
      0.7921103465540805,
      0.7955309241023526,
      0.7631230593424683,
      0.6860517163148743,
      0.7065118562317443,
      0.722198331416229,
      0.7460332161054554,
      0.6884130454619177
    ]
  ],
  "config_robert-lg": [
    [
      0.8008729837331561,
      0.8195616506393448,
      0.8330861482121985,
      0.7919130615209046,
      0.7527200687115179,
      0.8452562338066539,
      0.7548697400065247,
      0.7576982981744886,
      0.740682652237274,
      0.6547210863713634
    ],
    [
      0.8032363941522953,
      0.7614359048201808,
      0.831524564500755,
      0.8061513697810321,
      0.7656668568875556,
      0.7672187952594852,
      0.8107635618821672,
      0.7449151451662211,
      0.7809064021470036,
      0.732982648367578
    ],
    [
      0.8410336188347393,
      0.81518514165573,
      0.8460426698521937,
      0.8096845560836422,
      0.7629217343503057,
      0.7836206075155314,
      0.8141869826080353,
      0.6738702040694232,
      0.7483339446685312,
      0.7504279378049168
    ]
  ]
}