{
  "config": [
    [
      0.804352401636119
    ],
    [
      0.7583354731224405
    ],
    [
      0.7839643228100786
    ],
    [
      0.7403190905992028
    ]
  ],
  "config+synt": [
    [
      0.7994838888949165
    ],
    [
      0.7810266086287021
    ],
    [
      0.7958565201378116
    ],
    [
      0.7345689259223094
    ]
  ]
}